pitch,yaw,roll,angularVelocityY,velocity
1.3660377589985728e-05,85.30992889404297,3.353501233505085e-05,1.6565711025151586e-09,5.331994907464832e-05
