pitch,yaw,roll,angularVelocityY,velocity
0.0,89.83876037597656,0.0,7.924133349490603e-09,0.00010794642003020272
