pitch,yaw,roll,angularVelocityY,velocity
0.0,-90.16118621826172,0.0,-3.867935749468643e-09,4.603894296906219e-07