pitch,yaw,roll,angularVelocityY,velocity
-0.00012294339830987155,-55.86149215698242,1.3793297512165736e-05,-0.0006212899461388588,0.0316985584795475
