pitch,yaw,roll,angularVelocityY,velocity
0.0,0.15919795632362366,0.0,-2.3283885930425186e-10,0.0007782315951772034
